url_path,views_total,views_unique
/ANTsX/ANTs,916,520
/ANTsX/ANTs/wiki/Compiling-ANTs-on-Linux-and-Mac-OS,445,262
/ANTsX/ANTs/blob/master/Scripts/antsMultivariateTemplateConstruction2.sh,247,49
/ANTsX/ANTs/wiki/Anatomy-of-an-antsRegistration-call,240,145
/ANTsX/ANTs/releases,209,122
/ANTsX/ANTs/tree/master/Scripts,192,46
/ANTsX/ANTs/wiki/N4BiasFieldCorrection,187,127
/ANTsX/ANTs/blob/master/Scripts/antsRegistrationSyN.sh,177,54
"/ANTsX/ANTs/wiki/Forward-and-inverse-warps-for-warping-images,-pointsets-and-Jacobians",145,100
/ANTsX/ANTs/issues,137,47
